type,username,password
student,Course_4558_Student_216_Username,password
student,Course_4558_Student_217_Username,password
student,Course_4558_Student_219_Username,password
student,Course_4558_Student_220_Username,password
student,Course_4558_Student_221_Username,password
student,Course_4558_Student_222_Username,password
student,Course_4558_Student_223_Username,password
student,Course_4558_Student_224_Username,password
student,Course_4558_Student_225_Username,password
student,Course_4558_Student_226_Username,password
student,Course_4558_Student_228_Username,password
student,Course_4558_Student_231_Username,password
student,Course_4558_Student_233_Username,password
student,Course_4558_Student_235_Username,password
student,Course_4558_Student_236_Username,password
student,Course_4558_Student_237_Username,password
student,Course_4558_Student_238_Username,password
student,Course_4558_Student_240_Username,password
student,Course_4558_Student_241_Username,password
student,Course_4558_Student_242_Username,password
student,Course_4558_Student_244_Username,password
student,Course_4558_Student_245_Username,password
student,Course_4558_Student_247_Username,password
student,Course_4558_Student_249_Username,password
student,Course_4558_Student_250_Username,password
student,Course_4558_Student_251_Username,password
student,Course_4558_Student_254_Username,password
student,Course_4558_Student_256_Username,password
student,Course_4558_Student_2_Username,password
student,Course_4558_Teacher_1_Username,password
student,Course_4558_Student_100_Username,password
student,Course_4558_Student_1_Username,password
student,Course_4558_Student_5_Username,password
student,Course_4558_Student_20_Username,password
student,Course_4558_Student_21_Username,password
student,Course_4558_Student_50_Username,password
student,Course_4558_Student_51_Username,password
student,Course_4558_Student_53_Username,password
student,Course_4558_Student_54_Username,password
student,Course_4558_Student_55_Username,password
student,Course_4558_Student_59_Username,password
student,Course_4558_Student_61_Username,password
student,Course_4558_Student_63_Username,password
student,Course_4558_Student_66_Username,password
student,Course_4558_Student_67_Username,password
student,Course_4558_Student_69_Username,password
student,Course_4558_Student_71_Username,password
student,Course_4558_Student_72_Username,password
student,Course_4558_Student_73_Username,password
student,Course_4558_Student_75_Username,password
student,Course_4558_Student_76_Username,password
student,Course_4558_Student_79_Username,password
student,Course_4558_Student_83_Username,password
student,Course_4558_Student_84_Username,password
student,Course_4558_Student_85_Username,password
student,Course_4558_Student_86_Username,password
student,Course_4558_Student_88_Username,password
student,Course_4558_Student_89_Username,password
student,Course_4558_Student_90_Username,password
student,Course_4558_Student_91_Username,password
student,Course_4558_Student_92_Username,password
student,Course_4558_Student_95_Username,password
student,Course_4558_Student_96_Username,password
student,Course_4558_Student_98_Username,password
student,Course_4558_Student_99_Username,password
student,Course_4558_Student_101_Username,password
student,Course_4558_Student_103_Username,password
student,Course_4558_Student_105_Username,password
student,Course_4558_Student_107_Username,password
student,Course_4558_Student_112_Username,password
student,Course_4558_Student_113_Username,password
student,Course_4558_Student_114_Username,password
student,Course_4558_Student_116_Username,password
student,Course_4558_Student_117_Username,password
student,Course_4558_Student_118_Username,password
student,Course_4558_Student_119_Username,password
student,Course_4558_Student_121_Username,password
student,Course_4558_Student_122_Username,password
student,Course_4558_Student_125_Username,password
student,Course_4558_Student_126_Username,password
student,Course_4558_Student_127_Username,password
student,Course_4558_Student_128_Username,password
student,Course_4558_Student_130_Username,password
student,Course_4558_Student_131_Username,password
student,Course_4558_Student_133_Username,password
student,Course_4558_Student_135_Username,password
student,Course_4558_Student_136_Username,password
student,Course_4558_Student_137_Username,password
student,Course_4558_Student_138_Username,password
student,Course_4558_Student_140_Username,password
student,Course_4558_Student_141_Username,password
student,Course_4558_Student_142_Username,password
student,Course_4558_Student_143_Username,password
student,Course_4558_Student_144_Username,password
student,Course_4558_Student_3_Username,password
student,Course_4558_Student_4_Username,password
student,Course_4558_Student_6_Username,password
student,Course_4558_Student_7_Username,password
student,Course_4558_Student_8_Username,password
student,Course_4558_Student_9_Username,password
student,Course_4558_Student_10_Username,password
student,Course_4558_Student_11_Username,password
student,Course_4558_Student_12_Username,password
student,Course_4558_Student_13_Username,password
student,Course_4558_Student_14_Username,password
student,Course_4558_Student_15_Username,password
student,Course_4558_Student_16_Username,password
student,Course_4558_Student_17_Username,password
student,Course_4558_Student_18_Username,password
student,Course_4558_Student_19_Username,password
student,Course_4558_Student_22_Username,password
student,Course_4558_Student_23_Username,password
student,Course_4558_Student_24_Username,password
student,Course_4558_Student_25_Username,password
student,Course_4558_Student_26_Username,password
student,Course_4558_Student_27_Username,password
student,Course_4558_Student_28_Username,password
student,Course_4558_Student_29_Username,password
student,Course_4558_Student_30_Username,password
student,Course_4558_Student_31_Username,password
student,Course_4558_Student_32_Username,password
student,Course_4558_Student_33_Username,password
student,Course_4558_Student_34_Username,password
student,Course_4558_Student_35_Username,password
student,Course_4558_Student_36_Username,password
student,Course_4558_Student_37_Username,password
student,Course_4558_Student_38_Username,password
student,Course_4558_Student_39_Username,password
student,Course_4558_Student_40_Username,password
student,Course_4558_Student_41_Username,password
student,Course_4558_Student_42_Username,password
student,Course_4558_Student_43_Username,password
student,Course_4558_Student_44_Username,password
student,Course_4558_Student_45_Username,password
student,Course_4558_Student_46_Username,password
student,Course_4558_Student_47_Username,password
student,Course_4558_Student_48_Username,password
student,Course_4558_Student_49_Username,password
student,Course_4558_Student_52_Username,password
student,Course_4558_Student_56_Username,password
student,Course_4558_Student_57_Username,password
student,Course_4558_Student_58_Username,password
student,Course_4558_Student_60_Username,password
student,Course_4558_Student_62_Username,password
student,Course_4558_Student_64_Username,password
student,Course_4558_Student_65_Username,password
student,Course_4558_Student_68_Username,password
student,Course_4558_Student_70_Username,password
student,Course_4558_Student_74_Username,password
student,Course_4558_Student_77_Username,password
student,Course_4558_Student_78_Username,password
student,Course_4558_Student_80_Username,password
student,Course_4558_Student_81_Username,password
student,Course_4558_Student_82_Username,password
student,Course_4558_Student_87_Username,password
student,Course_4558_Student_93_Username,password
student,Course_4558_Student_94_Username,password
student,Course_4558_Student_97_Username,password
student,Course_4558_Student_102_Username,password
student,Course_4558_Student_104_Username,password
student,Course_4558_Student_106_Username,password
student,Course_4558_Student_108_Username,password
student,Course_4558_Student_109_Username,password
student,Course_4558_Student_110_Username,password
student,Course_4558_Student_111_Username,password
student,Course_4558_Student_115_Username,password
student,Course_4558_Student_120_Username,password
student,Course_4558_Student_123_Username,password
student,Course_4558_Student_124_Username,password
student,Course_4558_Student_129_Username,password
student,Course_4558_Student_132_Username,password
student,Course_4558_Student_134_Username,password
student,Course_4558_Student_139_Username,password
student,Course_4558_Student_163_Username,password
student,Course_4558_Student_206_Username,password
student,Course_4558_Student_208_Username,password
student,Course_4558_Student_210_Username,password
student,Course_4558_Student_258_Username,password
student,Course_4558_Student_260_Username,password
student,Course_4558_Student_261_Username,password
student,Course_4558_Student_263_Username,password
student,Course_4558_Student_266_Username,password
student,Course_4558_Student_267_Username,password
student,Course_4558_Student_268_Username,password
student,Course_4558_Student_269_Username,password
student,Course_4558_Student_270_Username,password
student,Course_4558_Student_271_Username,password
student,Course_4558_Student_274_Username,password
student,Course_4558_Student_276_Username,password
student,Course_4558_Student_277_Username,password
student,Course_4558_Student_145_Username,password
student,Course_4558_Student_146_Username,password
student,Course_4558_Student_147_Username,password
student,Course_4558_Student_148_Username,password
student,Course_4558_Student_149_Username,password
student,Course_4558_Student_150_Username,password
student,Course_4558_Student_151_Username,password
student,Course_4558_Student_152_Username,password
student,Course_4558_Student_153_Username,password
student,Course_4558_Student_154_Username,password
student,Course_4558_Student_155_Username,password
student,Course_4558_Student_156_Username,password
student,Course_4558_Student_157_Username,password
student,Course_4558_Student_158_Username,password
student,Course_4558_Student_159_Username,password
student,Course_4558_Student_160_Username,password
student,Course_4558_Student_161_Username,password
student,Course_4558_Student_162_Username,password
student,Course_4558_Student_164_Username,password
student,Course_4558_Student_165_Username,password
student,Course_4558_Student_166_Username,password
student,Course_4558_Student_167_Username,password
student,Course_4558_Student_168_Username,password
student,Course_4558_Student_169_Username,password
student,Course_4558_Student_170_Username,password
student,Course_4558_Student_171_Username,password
student,Course_4558_Student_172_Username,password
student,Course_4558_Student_173_Username,password
student,Course_4558_Student_174_Username,password
student,Course_4558_Student_175_Username,password
student,Course_4558_Student_176_Username,password
student,Course_4558_Student_177_Username,password
student,Course_4558_Student_178_Username,password
student,Course_4558_Student_179_Username,password
student,Course_4558_Student_180_Username,password
student,Course_4558_Student_181_Username,password
student,Course_4558_Student_182_Username,password
student,Course_4558_Student_183_Username,password
student,Course_4558_Student_184_Username,password
student,Course_4558_Student_185_Username,password
student,Course_4558_Student_186_Username,password
student,Course_4558_Student_187_Username,password
student,Course_4558_Student_188_Username,password
student,Course_4558_Student_189_Username,password
student,Course_4558_Student_190_Username,password
student,Course_4558_Student_191_Username,password
student,Course_4558_Student_192_Username,password
student,Course_4558_Student_193_Username,password
student,Course_4558_Student_194_Username,password
student,Course_4558_Student_195_Username,password
student,Course_4558_Student_196_Username,password
student,Course_4558_Student_197_Username,password
student,Course_4558_Student_198_Username,password
student,Course_4558_Student_199_Username,password
student,Course_4558_Student_200_Username,password
student,Course_4558_Student_201_Username,password
student,Course_4558_Student_202_Username,password
student,Course_4558_Student_203_Username,password
student,Course_4558_Student_204_Username,password
student,Course_4558_Student_205_Username,password
student,Course_4558_Student_207_Username,password
student,Course_4558_Student_209_Username,password
student,Course_4558_Student_211_Username,password
student,Course_4558_Student_212_Username,password
student,Course_4558_Student_215_Username,password
student,Course_4558_Student_218_Username,password
student,Course_4558_Student_227_Username,password
student,Course_4558_Student_229_Username,password
student,Course_4558_Student_230_Username,password
student,Course_4558_Student_232_Username,password
student,Course_4558_Student_234_Username,password
student,Course_4558_Student_239_Username,password
student,Course_4558_Student_243_Username,password
student,Course_4558_Student_246_Username,password
student,Course_4558_Student_248_Username,password
student,Course_4558_Student_252_Username,password
student,Course_4558_Student_253_Username,password
student,Course_4558_Student_255_Username,password
student,Course_4558_Student_257_Username,password
student,Course_4558_Student_259_Username,password
student,Course_4558_Student_262_Username,password
student,Course_4558_Student_264_Username,password
student,Course_4558_Student_265_Username,password
student,Course_4558_Student_272_Username,password
student,Course_4558_Student_273_Username,password
student,Course_4558_Student_275_Username,password
student,Course_4558_Student_213_Username,password
student,Course_4558_Student_214_Username,password
